relative_path	animal	session_date	in_reference_session_list	server1_size_bytes	server2_size_bytes	status
yp010/yp010_220209/yp010_220209.mdl.mat	yp010	220209	True	246529068	224139735	SIZE_MISMATCH
yp010/yp010_220210/yp010_220210.mdl.mat	yp010	220210	True	271489835	246334799	SIZE_MISMATCH
yp010/yp010_220211/yp010_220211.mdl.mat	yp010	220211	True	250490293	228459953	SIZE_MISMATCH
yp010/yp010_220212/yp010_220212.mdl.mat	yp010	220212	True	283334990	256471929	SIZE_MISMATCH
yp012/yp012_220208/yp012_220208.mdl.mat	yp012	220208	True	245651169	226042594	SIZE_MISMATCH
yp012/yp012_220209/yp012_220209.mdl.mat	yp012	220209	True	242421301	224939285	SIZE_MISMATCH
yp012/yp012_220210/yp012_220210.mdl.mat	yp012	220210	True	248973756	230195652	SIZE_MISMATCH
yp012/yp012_220211/yp012_220211.mdl.mat	yp012	220211	True	264674538	241574905	SIZE_MISMATCH
yp012/yp012_220212/yp012_220212.mdl.mat	yp012	220212	True	276786391	252035047	SIZE_MISMATCH
yp013/yp013_220209/yp013_220209.mdl.mat	yp013	220209	True	270536158	245708252	SIZE_MISMATCH
yp013/yp013_220210/yp013_220210.mdl.mat	yp013	220210	True	263359600	240906310	SIZE_MISMATCH
yp013/yp013_220211/yp013_220211.mdl.mat	yp013	220211	True	243904589	223360237	SIZE_MISMATCH
yp013/yp013_220212/yp013_220212.mdl.mat	yp013	220212	True	274320657	248916893	SIZE_MISMATCH
yp014/yp014_220208/yp014_220208.mdl.mat	yp014	220208	True	203413949	204205854	SIZE_MISMATCH
yp014/yp014_220209/yp014_220209.mdl.mat	yp014	220209	True	199720918	200429371	SIZE_MISMATCH
yp014/yp014_220210/yp014_220210.mdl.mat	yp014	220210	True	233690082	219678819	SIZE_MISMATCH
yp014/yp014_220211/yp014_220211.mdl.mat	yp014	220211	True	173337072	160106148	SIZE_MISMATCH
yp014/yp014_220212/yp014_220212.mdl.mat	yp014	220212	True	256047712	237201318	SIZE_MISMATCH
yp020/yp020_220331/yp020_220331.mdl.mat	yp020	220331	True	285210408	261711334	SIZE_MISMATCH
yp020/yp020_220401/yp020_220401.mdl.mat	yp020	220401	True	283286034	258340187	SIZE_MISMATCH
yp020/yp020_220402/yp020_220402.mdl.mat	yp020	220402	True	273428673	249139575	SIZE_MISMATCH
yp020/yp020_220403/yp020_220403.mdl.mat	yp020	220403	True	258334778	238078252	SIZE_MISMATCH
yp020/yp020_220404/yp020_220404.mdl.mat	yp020	220404	True	255055593	233106239	SIZE_MISMATCH
yp020/yp020_220405/yp020_220405.mdl.mat	yp020	220405	True	269764801	245743509	SIZE_MISMATCH
yp020/yp020_220407/yp020_220407.mdl.mat	yp020	220407	True	280781036	254361297	SIZE_MISMATCH
yp021/yp021_220331/yp021_220331.mdl.mat	yp021	220331	True	284689504	259555096	SIZE_MISMATCH
yp021/yp021_220401/yp021_220401.mdl.mat	yp021	220401	True	282048545	256503175	SIZE_MISMATCH
yp021/yp021_220402/yp021_220402.mdl.mat	yp021	220402	True	280871716	255516992	SIZE_MISMATCH
yp021/yp021_220403/yp021_220403.mdl.mat	yp021	220403	True	279733972	252348120	SIZE_MISMATCH
yp021/yp021_220404/yp021_220404.mdl.mat	yp021	220404	True	278896127	254829194	SIZE_MISMATCH
yp021/yp021_220405/yp021_220405.mdl.mat	yp021	220405	True	284762938	258405702	SIZE_MISMATCH
yp021/yp021_220407/yp021_220407.mdl.mat	yp021	220407	True	292788905	263052552	SIZE_MISMATCH
yp022/yp022_220401/yp022_220401.mdl.mat	yp022	220401	True	294961292		MISSING_ON_SERVER2
yp022/yp022_220402/yp022_220402.mdl.mat	yp022	220402	True	284640681		MISSING_ON_SERVER2
yp022/yp022_220403/yp022_220403.mdl.mat	yp022	220403	True	288387316		MISSING_ON_SERVER2
yp022/yp022_220404/yp022_220404.mdl.mat	yp022	220404	True	305755676		MISSING_ON_SERVER2
yp022/yp022_220405/yp022_220405.mdl.mat	yp022	220405	True	301095655		MISSING_ON_SERVER2
yp022/yp022_220407/yp022_220407.mdl.mat	yp022	220407	True	283200442		MISSING_ON_SERVER2
